commit	question_id	verdict	primary_metric	key_finding	scenario_name
1875ccb	Q001	BREAKTHROUGH	0.804	ARC T1/T2/B1/B2 ghost-list eviction + LRU-K K-th access scan-resistance apply directly to Recall Redis hot cache; 4 BREAKTHROUGH ideas, all quality > 0.76	Wave 1 â€” Q001: Database buffer management (ARC/LRU-K/CLOCK-Pro)
1875ccb	Q002	BREAKTHROUGH	0.804	Hippocampal prediction-error gate (novelty check before store) + SWR offline consolidation batch + DG 3-way merge/extend/create; 4 BREAKTHROUGH ideas; top idea quality=0.845	Wave 1 â€” Q001+Q002: DB Buffer Management + Hippocampal Consolidation
1875ccb	Q003	BREAKTHROUGH	0.800	Immunological two-tier SLPC/LLPC expiry (quality=0.888) + competitive pool displacement (quality=0.816); 4 BREAKTHROUGH ideas; competitive displacement is structurally novel vs. all known AI memory systems	Wave 1 â€” Q003: Immunological Memory
1875ccb	Q004	BREAKTHROUGH	0.792	DNS negative-memory-cache (0.833) + stale-serve-with-bounded-latency (0.793) + query-triggered-background-refresh (0.815); 4 BREAKTHROUGH ideas; eliminates Ollama RTT cliff on cache miss	Wave 1 â€” Q004: DNS Resolver Caching
1875ccb	Q005	BREAKTHROUGH	0.792	Scope-chain-memory-retrieval (0.828) solves casaclaude/proxyclaude contamination; define-vs-set mutation semantics (0.818); 5 BREAKTHROUGH ideas; 21 total across Wave 1	Wave 1 â€” Q005: Compiler Scope Chains
1875ccb	Q006	PROMISING	0.785	LangChain does post-ANN temporal re-ranking but uses last_accessed_at (wrong); in-ANN temporal decay absent from all production; key fix: switch to created_at decay; 2 BREAKTHROUGH + 1 INCREMENTAL	Wave 2 â€” Q006: Absence: Temporal-Weighted ANN
1875ccb	Q007	PROMISING	0.779	AWS AgentCore partially implements two-tier consolidation but LLM-driven, not algorithmic; no production system has deterministic non-LLM consolidation + importance-score coupling; 2 BREAKTHROUGH ideas	Wave 2 â€” Q007: Absence: Two-Tier Consolidation
1875ccb	Q008	BREAKTHROUGH	0.779	Embedding whitening (Mahalanobis equivalent) validated in 7+ papers, absent from all production AI memory; recall-embedding-whitening (N=0.85,E=0.75,F=0.80,q=0.803); 3 BREAKTHROUGH ideas	Wave 2 â€” Q008: Absence: Distribution-Aware Retrieval
1875ccb	Q009	PROMISING	0.773	Implicit retrieval feedback absent from all production systems; mem0 has explicit feedback only; citation-detection hook (N=0.82,E=0.70,F=0.78,q=0.768); 1 BREAKTHROUGH idea	Wave 2 â€” Q009: Absence: Retrieval Feedback Loop
1875ccb	Q010	PROMISING	0.773	HippoRAG implements PPR as primary for doc QA but not AI memory systems; Recall Neo4j capped at 0.08 score; PPR-retrieval-for-causal-chains (N=0.75,E=0.80,F=0.55,q=0.718); 2 BREAKTHROUGH ideas	Wave 2 â€” Q010: Absence: Graph-Walk Retrieval
1875ccb	Q001-F1	BREAKTHROUGH	0.781	LSM tiered compaction maps directly to Qdrant cold store; 5 BREAKTHROUGH ideas; ttl-category-session-window-drop (N=0.80,E=0.85,F=0.90,q=0.843) is 2-day implementation; no production AI memory system has semantic compaction layer	Wave 1-F1: LSM-Tree Compaction for Cold Store
1875ccb	Q011	PROMISING	0.781	29.3x gap on cache-miss retrieve path (80.5ms current vs 2.75ms theoretical); Ollama 48ms absolute gap dominates; embedding-vector-cache eliminates Ollama RTT for repeated queries; 1 PROMISING idea	Wave 3 â€” Q011: Physics Ceiling: Retrieve Latency
1875ccb	Q014	BREAKTHROUGH	0.774	Embedding space is anisotropic + queries are speech acts (not statements) + retrieval is associative â€” 3 unjustified assumptions revealed by first-principles derivation; 4 BREAKTHROUGH ideas; power-law temporal reranker implementable in 2-3 days	Wave 4 â€” Q014: Taboo: Retrieval from First Principles
1875ccb	Q015	BREAKTHROUGH	0.759	Static importance violates evidence accumulation principle; lazy geometric decay (scoreÃ—Î»^(Î”t/Ï„)+Î´) in PostgreSQL + Redis fingerprint action signal; 3 BREAKTHROUGH ideas; no new services required	Wave 4 â€” Q015: Taboo: Importance Scoring from First Principles
1875ccb	Q012	BREAKTHROUGH	0.759	24.5x latency gap + 194,586x compute gap on novelty check; embedding reuse eliminates duplicate Ollama call; in-process LSH 625x faster than Qdrant REST; 5 BREAKTHROUGH ideas	Wave 3 â€” Q012: Physics Ceiling: Novelty Detection Compute
1875ccb	Q013	BREAKTHROUGH	0.759	66x storage redundancy; 92% of top-5 retrievals contain paraphrase duplicate; 97.6% of embedding dimensions carry no additional signal; write-time semantic dedup is highest-leverage intervention; 4 BREAKTHROUGH ideas	Wave 3 â€” Q013: Physics Ceiling: Shannon Entropy / Store Redundancy
1875ccb	Q016	BREAKTHROUGH	0.764	Causal relevance is relational (memory-task pair) not intrinsic; importance-score eviction provably wrong; session-retrieval-set-pin (N=0.85,E=0.90,F=0.95,q=0.893) + LRFU retrieval-weighted score; 5 BREAKTHROUGH ideas	Wave 4 â€” Q016: Taboo: Forgetting System from First Principles
1875ccb	Q017	BREAKTHROUGH	0.765	Minimal edge types = CAUSES+CONTRADICTS; causal confidence encoded as edge latency enables shortest-path ranking; generation-clock fixes out-of-order ingestion; 4 BREAKTHROUGH ideas	Wave 4 â€” Q017: Taboo: Causal Memory Data Structure
1875ccb	Q026	BREAKTHROUGH	0.765	False dichotomy resolved: scope identity-check gates before cosine (Phase 1+2); causal ordering is missing third signal; cosine-plus-scope-veto implementable in 2-3 days; 5 BREAKTHROUGH ideas	Wave 1-Mid â€” Q026: Adversarial: Cosine vs Scope Chain Store Discriminant
1875ccb	Q027	BREAKTHROUGH	0.759	Two caches must deploy as pair (p50 only tips at 75% fast fraction); embedding-vector-cache is p95 gate (drops miss path to 31ms, achieves p95<50ms); SimHash negative-cache extends hit rate 40%â†’55-65%; 3 BREAKTHROUGH ideas	Wave 1-Mid â€” Q027: Physics Ceiling: Retrieve with Negative Cache
1875ccb	Q028	BREAKTHROUGH	0.759	Three-layer eviction from first principles: ARC+session-clock ghost (Tier 1), cluster-as-unit session-boundary consolidation (Tier 2â†’3), realized-quality competitive displacement (Tier 3); two-retrieval-promotion-gate (LRU-K=2) prevents scan pollution; 5 BREAKTHROUGH ideas	Wave 1-Mid â€” Q028: Taboo: Three-Layer Integrated Eviction
1875ccb	Q029	PROMISING	0.759	Q003 inversion partially transfers: capacity scarcity weak at K=5 but semantic-precision binding (wasted injection slots) transfers fully; Q015 decay makes inversion automatic; LLPC/MBC dual-path retrieval; 4 BREAKTHROUGH + 1 PROMISING ideas	Wave 1-Mid â€” Q029: Adversarial: Intermediate-Importance Inversion Transfer
1875ccb	Q019	BREAKTHROUGH	0.790	Type-gated dual-representation store (N=0.88, E=0.72, F=0.62): route STRUCTURED_FACT to graph triples, EPISTEMIC_CONTENT to flat blobs; resolves Q026 store-discriminant and Q019 representation choice as the same decision; 4 ideas extracted, top quality 0.790	Wave 5 â€” Q019: Flat Text Blobs vs. Knowledge Graphs
1875ccb	Q018	BREAKTHROUGH	0.750	Cosine wrong in degree not kind â€” captures 1 of 4 signals (semantic only); four-factor-memory-score (q=0.735), query-asymmetric-projection (q=0.645), temporal-dimension-augmentation (q=0.698); 3 BREAKTHROUGH ideas	Wave 5 â€” Q018: Adversarial: Is cosine similarity correct for AI memory retrieval?
1875ccb	Q020	BREAKTHROUGH	0.750	Two-tier session working memory closes one-session-lag; Redis L0 causally ordered, Qdrant L1 cross-session; 4 BREAKTHROUGH ideas; top quality=0.751	Wave 6 â€” Q020: Adversarial: Retrieval-on-demand vs continuous session state
1875ccb	Q021	BREAKTHROUGH	0.750	Dual-scope importance: persistent base_importance + ephemeral session topic_activation; IDF = routing signal not ranking multiplier; 4 BREAKTHROUGH ideas; top quality=0.745	Wave 6 â€” Q021: Adversarial: Per-memory importance vs cluster/topic importance
1875ccb	Q022	BREAKTHROUGH	0.750	2032 retrospective: static write-time importance scores are the worst mistake â€” information-theoretically irreversible if retrieval history not tracked; confirms lazy-decay, SRS-pin, citation-detection, retrieval-weighted eviction; overall quality=0.812	Wave 6 â€” Q022: Time-shifted 2032: worst architectural mistake of 2026
1875ccb	Q023	BREAKTHROUGH	0.750	0.5ms embedding obsoletes 4 architectural constraints (negative cache, LSH, speculative prefetch, embedding reuse); enables multi-space-embedding (q=0.622), semantic-diff-at-store-time (q=0.685), hyde-query-expansion (q=0.626); 4 BREAKTHROUGH ideas	Wave 6 â€” Q023: Time-shifted 2032: constrained-embedding-compute assumptions
1875ccb	Q024	BREAKTHROUGH	0.750	Session-boundary compaction + co-retrieval cohesion gate wins; cosine-only merge has 8-12% false-positive rate; co-retrieval history is critical gate; LLM-driven consolidation lost; 5 BREAKTHROUGH ideas; top quality=0.816	Wave 6 â€” Q024: Time-shifted 2032: winning consolidation mechanism
1875ccb	Q030	PROMISING	0.750	PARTIAL ABSENCE â€” MemoryOS (EMNLP 2025 Oral) closest match with heat-score differentiation but cold store unbounded; no production system has ARC + competitive-pool-displacement cold store; policy-differentiated-tier-cache (q=0.802); 1 BREAKTHROUGH idea	Wave 3-Mid â€” Q030: Absence: Unified multi-layer cache with distinct eviction policies
1875ccb	Q031	BREAKTHROUGH	0.750	IDF (discrimination) and citation feedback (utility) are orthogonal axes; multiplicative composition creates cancellation pathology; IDF = hot-tier promotion trigger not ranking suppressor; 3 BREAKTHROUGH ideas; top quality=0.726	Wave 3-Mid â€” Q031: Adversarial: IDF penalty vs citation feedback compose?
1875ccb	Q032	BREAKTHROUGH	0.750	100x headroom at current load (0.3 stores/sec vs 33 stores/sec saturation); Ollama GPU serial embedding saturates first; 4.6x latency gap (65ms current vs 14ms theoretical); all extracted ideas N<0.65 â€” no new IDEAS entries	Wave 3-Mid â€” Q032: Physics ceiling: store operation throughput
1875ccb	Q033	PROMISING	0.750	PARTIAL ABSENCE â€” LangChain CacheBackedEmbeddings has type-B cache but opt-in/off by default; query embedding stability property (never needs invalidation) not articulated anywhere; expose-stability-property-as-design-principle (q=0.798); 1 BREAKTHROUGH idea	Wave 3-Mid â€” Q033: Absence: Query-embedding cache independent of result cache
1875ccb	Q034	BREAKTHROUGH	0.750	Fused matrix T=Î›_50^(-1/2) V_50^T supersedes standalone whitening + standalone PCA; Q013 cosine threshold shifts 0.92â†’0.82-0.88 after transform â€” must recalibrate empirically; 2 BREAKTHROUGH ideas	Wave 3-Mid â€” Q034: Convergence: whitening + PCA correct composition
1875ccb	Q035	BREAKTHROUGH	0.750	Neither redundant: Q007 = L0 intra-session compaction (unconditional); Q001-F1 = L1 cross-session compaction (score-triggered); Redis staging partitioned recall:staging:{session_id} + recall:staging:global; 3 BREAKTHROUGH ideas; top quality=0.800	Wave 3-Mid â€” Q035: Adversarial: LSM compaction makes session-end consolidation redundant?
1875ccb	Q036	BREAKTHROUGH	0.750	Kafka/Stripe content-derived idempotency key: SHA-256(normalize(content)) + PostgreSQL SELECT FOR UPDATE eliminates cross-machine duplicates within 72h window; Novelty=0.90 â€” absent from all AI memory systems; 3 BREAKTHROUGH ideas; top quality=0.878	Wave 3-Mid â€” Q036: Adjacent: Kafka idempotency for multi-machine write deduplication
d4b8324	Q037	PROMISING	0.757	PARTIAL ABSENCE â€” SPANN/FAISS IVF implement routing half (centroid-in-fast-tier) but no production system co-locates member-ID list in fast tier; manifest stub enables pre-fetch filter before any Qdrant I/O; 2 PROMISING ideas	Wave 5 â€” Q037: Absence: Cluster-Manifest Stub (centroid+member-ID in fast tier)
d4b8324	Q038	BREAKTHROUGH	0.757	Vector clock (2Ã—32-bit) is minimum sufficient state for 2-writer conflict detection; Lamport clock cannot detect concurrent writes; HLC for resolution tiebreaking; 3 BREAKTHROUGH ideas; all quality>0.82	Wave 5 â€” Q038: Physics: Minimum State for 2-Writer Conflict Detection
d4b8324	Q039	PROMISING	0.757	LWW-Register+HLC is correct CRDT for scope-qualified identity registry (N=0.95,E=0.85); Redis Lua CAS atomic compare-and-swap; Q036 and Q039 are complementary layers; 3 ideas extracted	Wave 5 â€” Q039: Adjacent: CRDTs for Concurrent Write Merging
d4b8324	Q040	BREAKTHROUGH	0.757	IPS-corrected citation importance (N=0.90) separates position bias from genuine signal; Îµ=0.05 exploration generates counterfactual data; empirical audit from existing logs is first step; 3 BREAKTHROUGH ideas	Wave 5 â€” Q040: Adversarial: Citation Feedback vs Retrieval-Rank Position Bias
d4b8324	Q041	BREAKTHROUGH	0.751	Three-gate store protocol (G3+G1 concurrent, G2 in embedding gap) implements all three multi-machine write guarantees; 2.1ms total overhead (3.2% of store op); 4 BREAKTHROUGH ideas	Wave 5 â€” Q041: Convergence: Unified Three-Gate Store Protocol
d4b8324	Q042	BREAKTHROUGH	0.757	4-line SQL LLPC routing (access_count>=3 AND sessions_since_last_access<=10) from 2Q+Denning working-set; no importance scores, no embeddings; 5 BREAKTHROUGH ideas; top quality=0.893	Wave 5 â€” Q042: Taboo: LLPC/MBC Routing from Working Set Theory
d4b8324	Q043	PROMISING	0.757	Cohesion computation is NOT a performance problem at 500K (p99=5ms/query, 250ms for 50 archived); precompute for eviction path simplicity not latency; incremental session-end refresh costs 800ms; 1 BREAKTHROUGH idea	Wave 5 â€” Q043: Physics: Cluster Cohesion Ceiling at 500K Scale
d4b8324	Q025	BREAKTHROUGH	0.757	36 ideas pass 90-day filter; 4 chains: Write Integrityâ†’Hot Tierâ†’Retrieval Qualityâ†’Memory Lifecycle; 5 genuine moats (idempotency-keys, working-set-llpc, three-gate-protocol, HLC-LWW, IPS-citation); master insight: 50ms Ollama embedding is universal bottleneck	Wave convergence â€” Q025: Final 90-Day Ranked Build List
d4b8324	Q044	BREAKTHROUGH	0.756	access_count>=3 fails for same-session bursts; fix: distinct_sessions_accessed>=3 (1-2 days); burstiness penalty for LLPC ranking; two-phase probation maps 2Q A1 queue; 3 BREAKTHROUGH ideas	Wave 6 â€” Q044: Adversarial: LLPC admission threshold burst-pattern failure
d4b8324	Q049	BREAKTHROUGH	0.756	CRITICAL DEFECT: session-scope-window-drop creates dangling registry pointers; fix: LIVE->TOMBSTONED transition; re-encounter importance multiplier (1.0+0.15*age); metadata-first GC ordering; 4 ideas extracted	Wave 6 â€” Q049: Adversarial: Scope Registry Dangling Pointer on Session Drop
d4b8324	Q046	BREAKTHROUGH	0.759	Ollama serial embedding dominates at 92.2% (2400ms of 2600ms total); batch embed delivers 80% of 70x gap in 2-4h; epoch-clock eliminates O(N) bulk UPDATE; ceiling at N=517 serial/N=24K batched; 4 BREAKTHROUGH ideas	Wave 6 â€” Q046: Physics: Session-End Pipeline Latency Budget
d4b8324	Q051	BREAKTHROUGH	0.759	Two-phase asyncio plan: Phase1 (Op1+Op3+Op5+Op6 parallel) then Phase2 (Op4+Op2); Op1->Op4 is only hard constraint; reverse-UUID-to-scope index makes Op4 O(N_deleted) not O(N_registry); 3 BREAKTHROUGH ideas	Wave 6 â€” Q051: Convergence: Session-End Hook Sequencing and Parallelization
d4b8324	Q052	PROMISING	0.759	IPS data moat is highest durability (data moats immune to mechanism threats); implicit-retrieval-feedback must start Week 1 not Week 6 (irreversible loss); moat/threat type discrimination framework; 2 PROMISING ideas	Wave 6 â€” Q052: Time-shifted 2027: Five Moat Durability Assessment
d4b8324	Q045	BREAKTHROUGH	0.762	Compiler scope-chain MBC routing via tag intersection + domain zone + frequency fallback; no embeddings; GIN index on tags[]; 50% candidate overlap with full embedding retrieval; 5 qualifying ideas
d4b8324	Q047	PROMISING	0.762	pgvector CTE computes cohesion natively via CROSS JOIN self-join; eliminates 0.3-1.0ms Docker RTT; no production vector DB exposes native cluster-cohesion scoring; pgvector closest path; 2 qualifying ideas
d4b8324	Q048	BREAKTHROUGH	0.762	Redis INCR simpler than HLC for 2-node LAN; CockroachDB backward-jump rule = 5-line Python; omit max-offset enforcement for 2-node system; 3 qualifying ideas
d4b8324	Q050	PROMISING	0.763	Redis ZSET SRANDMEMBER wins over PostgreSQL ORDER BY RANDOM at N>5000; btree importance index + OFFSET pattern flat at 0.80ms; TABLESAMPLE SYSTEM at 0.42ms constant; 2 qualifying ideas (added by linter)
d4b8324	Q053	BREAKTHROUGH	0.763	Session-boundary lifecycle management absent from all production AI memory systems; AWS Bedrock/Google ADK closest but no automatic lifecycle sweep; session-close hook is missing standard primitive; 3 qualifying ideas
d4b8324	Q054	BREAKTHROUGH	0.764	CRITICAL: asyncio two-phase design violates metadata-first ordering; Op1 deletes before Op4 tombstones; Phase 0 pre-tombstone fixes; 3 qualifying ideas
d4b8324	Q056	BREAKTHROUGH	0.764	Redis INCR partition failure: local SQLite buffer+API-assigned sequence at flush eliminates conflict; write-tier-partition-policy separates durable vs ephemeral writes; 4 qualifying ideas
6168356	Q059	PROMISING	0.764	Safe migration sequence for Waves 5-6 fields: tombstone-sentinel-prefix enables rolling deploy; reader-first deploy for Redis value migration; lazy backfill for reverse index; epoch bootstrap at 0; 5 qualifying ideas
6168356	Q055	PROMISING	0.763	K_llpc=2 and K_mbc=3 validated via 2Q Am/A1 derivation; domain-scoped LLPC filter preferred over global threshold; tau=10 correct at 5 sessions/day; 3 qualifying ideas
6168356	Q057	PROMISING	0.763	Neo4j 1-hop causal neighbors as Level 1.5 MBC routing slot; prerequisite: measure tag-disjoint causal pair frequency first; causal-neighbor-as-tag-audit doubles as vocabulary gap detector; 2 qualifying ideas
6168356	Q061	PROMISING	0.763	Tombstone G1 overhead negligible (<0.02ms total); SHA256 passthrough from G3 is key optimization; Redis co-location reduces G1 from 0.5ms to 0.05ms; tombstone-sentinel two-phase HGET not recommended; 3 qualifying ideas
6168356	Q062	BREAKTHROUGH	0.763	Epoch-clock eliminates O(N) Op2 bulk UPDATE entirely; autovacuum visibility map analogy validated; routing query rewrite to last_access_epoch >= current_epoch - tau is semantically identical; 3 qualifying ideas
6168356	Q058	PROMISING	0.762	Exploration events ARE internal ground truth (propensity=epsilon exactly); IPS detectable after ~120 sessions (not Month 3 of 12); variance-aware epsilon decay applicable; 3 qualifying ideas
e19b652	Q060	PROMISING	0.761	Three-target calibration: burstiness=0% (Zipf), L1 hit=27.6% at C=5 (needs V~20 or C~15), recurrence=1.76% (domain-scoped multiplier only); cold-start gap 39pp strongest argument for context_tags persistence	domain-scoped-re-encounter-multiplier,context-tags-size-as-session-quality-signal,hawkes-process-session-model-for-burst-detection,effective-tag-vocabulary-compaction-target
7e37958	Q069	BREAKTHROUGH	0.785	Q059 is complete for Q054+Q056 but omits B-tree index on last_access_epoch required by Q062 (Step 2b gap); single CRITICAL gate: Step 7 tombstone reader before Step 8 writer; Q056 fully independent of all schema steps; 2 qualifying ideas	10-step-deployment-graph,breakthrough-convergence-deployment-sequencing
7e37958	Q065	BREAKTHROUGH	0.761	max(write_importance, eviction_importance) formula wins; write_importance alone loops self-locked for confirmed facts; eviction_importance schema field required pre-deployment	max-operand-re-encounter-formula,eviction-importance-vs-write-importance-schema-distinction
7e37958	Q064	PROMISING	0.761	Redis TTL context_tags persistence (3-day); +21pp net MBC L1 improvement; staleness threshold 3 days; precision cost bounded to first 3-5 prompts of cross-project sessions	redis-ttl-session-tag-persistence,stale-tag-dilution-rate-as-session-health-metric,per-project-tag-partition-for-cross-machine-context
7e37958	Q063	BREAKTHROUGH	0.761	G3 stale-UUID after tombstone: path (a) DEL at Phase 0 is correct; Phase 0 ordering closes TOCTOU window; g3-existence-check as fallback defense	g3-invalidation-at-tombstone-time-phase0,g3-existence-check-on-cache-hit,g3-tombstone-coupling-invariant-check
7e37958	Q066	BREAKTHROUGH	0.761	effective_V must be â‰¤22 for 55-70% MBC L1 target; canonical tag menu in LLM prompt + zero-tag retry; V=45â†’22 gives 1.83x P(L1) improvement	vocabulary-enforcement-at-store-time,zero-tag-detection-and-retry-in-store-hook,llm-tag-prompt-with-canonical-menu
7e37958	Q067	BREAKTHROUGH	0.761	Epoch reset: 0.25ms detection via PG MAX watermark vs 173-day silent false-positive window; B-tree MAX is O(log N)	epoch-continuity-guard-via-pg-max-watermark,pg-max-as-epoch-oracle-fallback
7e37958	Q068	BREAKTHROUGH	0.761	submitted_at flag closes crash-safe dedup race; 7-day discard threshold (preservation SLA â‰  LLPC horizon); 44 lines JS zero new infra	submitted-at-flag-as-crash-safe-dedup,single-file-per-session-pending-queue,data-preservation-vs-retrieval-quality-threshold-split
7e37958	Q069	BREAKTHROUGH	0.761	10-step deployment sequence; single CRITICAL gate at tombstone readerâ†’writer; Q059 missing CREATE INDEX CONCURRENTLY on last_access_epoch	breakthrough-convergence-deployment-graph,index-completeness-audit-for-schema-migration-plans
7e37958	Q070	BREAKTHROUGH	0.761	dual-bound TTL (50-session ceiling + 90-day floor); session-count TTL = 3 calendar days at 10 sessions/day (2-machine); DNS RFC 2308 chose wall-clock in 1998	dual-bound-tombstone-ttl,epoch-clock-calendar-timestamp-hybrid-store,machine-scope-explicit-re-encounter-sharing
7e37958	Q071	BREAKTHROUGH	0.761	4 retrieval-quality signals; 135 lines Python; infrastructure health â‰  retrieval quality health; epoch reset embeds recovery command in response	recall-health-detail-endpoint,epoch-reset-recovery-command-in-response,retrieval-quality-health-vs-infrastructure-health
d3ac25f	Q073	MARGINAL	0.761	Partial index WHERE is_exploration=TRUE bounds retrieve_events index size to 5% of full composite; epsilon=0.05 policy guarantees permanent 225KB ceiling; index-only scans for S1 health signal forever; partitioning never needed at Tim's scale
d3ac25f	Q072	PROMISING	0.761	Tombstone registry ~200-400KB steady state (session-count TTL dominates at 5-10 days); LRU defeat dormant with maxmemory unset; volatile-ttl most dangerous policy; noeviction + PG fallback is correct defense
d3ac25f	Q074	BREAKTHROUGH	0.761	Q067 guard blind to PG-restore direction; redis_epoch-pg_max gap has no natural recovery (worsens monotonically); bidirectional guard + epoch-gap health endpoint + post-restore runbook close the operational gap
d3ac25f	Q075	BREAKTHROUGH	0.760	In-code normalization map creates unbounded split-brain window; PostgreSQL+60s TTL cache reduces to 60s; daily drift detection bounds Phase 1 to 24h; dual-column tags_raw+tags enables migration without LLM re-invocation
d3ac25f	Q076	MARGINAL	0.760	IDF weighting adds 4-6pp over 55.8% cardinality baseline at V=22; stop-tag exclusion captures 80% benefit with no infrastructure; context-tag IDF selection is hook-only change
7fc2de8	Q077	BREAKTHROUGH	0.760	B-tree index on last_access_epoch is shared correctness prerequisite for Q062+Q067+Q071-S4; S2+S3 co-alert indicates CasaOS unavailability not two independent failures; silent-degradation catalog + Day 1 checklist as executable integration test
7fc2de8	Q078	BREAKTHROUGH	0.760	Epoch filter gap in Neo4j causal traversal is critical invariant violation; hub nodes reach 500-1500 fanout by Month 12; causal-graph-epoch-filter-dual-write + LIMIT 20 cap + edge last_reinforced_epoch are 5-line fixes
0d0c5bd	Q081	BREAKTHROUGH	0.760	PG restore + epoch retraction leaves Neo4j nodes with high epoch values passing lower-bound filter; PG ANY() join silently skips missing UUIDs; Q077 runbook missing mandatory Neo4j DETACH DELETE step + upper-bound predicate	post-restore-neo4j-orphan-reconciliation-step,cross-store-consistency-check-endpoint
0d0c5bd	Q079	BREAKTHROUGH	0.760	Single gap threshold cannot distinguish PG-restore from single-machine PG write degradation; dual-signal detection (gap + write_failure_rate) removes ambiguity; EPOCH_GAP_ALARM_THRESHOLD=40 for dual-machine usage	dual-signal-epoch-alarm-distinguisher,uptime-kuma-epoch-continuity-probe
0d0c5bd	Q080	BREAKTHROUGH	0.760	generation-counter pattern reduces synonym rollback latency from 60s to 5s; confirmed flag enables two-tier vocabulary governance; tags_raw enables normalization reprocessing without LLM re-invocation	generation-counter-cache-invalidation-for-incorrect-synonym-rollback,confirmed-flag-on-tag-synonyms-for-auto-detected-entries,tags-raw-as-reprocessing-substrate-for-normalization-correction
0d0c5bd	Q082	BREAKTHROUGH	0.760	No production AI memory system implements multi-layer fallback tag extraction with routing-tier awareness; 20 sessions of zero-tag accumulation drops effective_P(L1) from 55.8% to 49.1%; tiered cascade + retroactive reprocessing queue	tiered-fallback-tag-extraction-cascade,retroactive-reprocessing-queue-for-tag-repair
0d0c5bd	Q083	BREAKTHROUGH	0.760	Epoch filter does NOT reduce Neo4j traversal cost (O(F) property reads regardless); reduces downstream ranking cost only; K limit must be two separate values: K_fanout<=200 for traversal, K_limit=20-50 for ranking	epoch-filter-as-fanout-reducer-not-cost-reducer,neo4j-epoch-predicate-as-working-set-cache-invalidator
0d0c5bd	Q084	PROMISING	0.760	S4+S5 co-alert disambiguates S4 failure direction: Redis reset does not produce S5, PG restore does; correlation layer in /health/detail converts raw signal reporter to diagnostic assistant	s4-direction-discriminant-via-s5-co-alert,correlation-layer-in-health-detail-endpoint
0d0c5bd	Q085	MARGINAL	0.760	Race window = 0.02 memories per 60s; idempotent double-call eliminates race without infrastructure; ETag-based invalidation is architecturally correct but disproportionate at Tim's scale	idempotent-migration-double-call-as-coordination-primitive,etag-based-cache-invalidation-for-normalization-map
f95a41c	Q089	PROMISING	0.759	Tombstone reaper gap: PG hard-deletes run without Neo4j DETACH DELETE; TTL-expiry orphans auto-quarantined by Q078 epoch filter (low epoch) unlike Q081 restore orphans (high epoch, bypass filter); audit instrumentation closes detection gap	tombstone-reaper-dual-store-delete-audit,epoch-filter-as-ttl-orphan-quarantine
f95a41c	Q090	BREAKTHROUGH	0.759	asyncio.wait_for as implicit hub-node classifier (>8ms = hub by definition); page-cache warming converts double-execution from pure cost to amortized cost; session-scoped circuit breaker avoids oscillation in hub-heavy sessions	asyncio-wait-for-as-hub-node-detector,neo4j-page-cache-warming-as-fallback-acceleration,k-cap-policy-as-session-level-not-request-level
f95a41c	Q086	BREAKTHROUGH	0.759	Qdrant is canonical store (no PG join in retrieval path); orphaned Qdrant vectors inject full Memory objects into Claude context (active corruption vs Neo4j silent skip); /reconcile endpoint heals wrong direction after restore; 3 missing runbook steps	qdrant-created-at-epoch-tagging,post-restore-qdrant-cleanup-step,reconcile-endpoint-post-restore-mode
f95a41c	Q087	BREAKTHROUGH	0.759	Injection size is corpus-size invariant above C=200 (K parameters are the only gate); 4200 tokens at K=20, 8700 at K=50; overflow risk is memory-length-driven not corpus-driven; token guard + tiered injection reduce p50 75%	token-count-guard-before-injection,tiered-injection-headlines-then-full,k-adaptive-to-remaining-context-budget
f95a41c	Q091	BREAKTHROUGH	0.759	Relationship property index cannot pre-filter BFS edges (same architecture as Q083 node finding); 15x theoretical gap (1.6ms vs 25ms); only path to pre-filter is relationship type partitioning CO_RETRIEVED_FRESH/STALE; WITH-clause staging saves 35-40% with zero schema changes	co-retrieved-fresh-stale-type-partitioning,cypher-with-clause-edge-predicate-staging,epoch-window-driven-K-cap-relaxation
f95a41c	Q092	BREAKTHROUGH	0.759	S5 graph traversal epoch compliance: path-level BFS probe (K=5 seeds, K=10 neighbors); compliance_ratio = (returned - miss) / returned; HEALTHY>=0.95, WARNING[0.85,0.95), CRITICAL<0.85; specifically sensitive to PG-restore orphans (high epoch pass filter) while immune to tombstone orphans (low epoch epoch-filtered); 120-line pure Python /health/detail addition	s5-traversal-path-compliance-vs-population-orphan-count,s4-direction-discriminant-operational-implementation,compliance-ratio-as-retrieval-path-health-proxy
f95a41c	Q088	BREAKTHROUGH	0.759	Q082 drain rate 1/3s saturates GPU at 100% (inference_time==drain_interval); corrected to adaptive two-tier 1/4s idle (75 0PU util) / 1/8s active session (37.5f95a41c	Q092	BREAKTHROUGH	0.759	S5 graph traversal epoch compliance: path-level BFS probe (K=5 seeds, K=10 neighbors); compliance_ratio = (returned - miss) / returned; HEALTHY>=0.95, WARNING[0.85,0.95), CRITICAL<0.85; specifically sensitive to PG-restore orphans (high epoch pass filter) while immune to tombstone orphans (low epoch epoch-filtered); 120-line pure Python /health/detail addition	s5-traversal-path-compliance-vs-population-orphan-count,s4-direction-discriminant-operational-implementation,compliance-ratio-as-retrieval-path-health-proxy
pending	Q099	PROMISING	0.759	READ_COMMITTED provides no race protection for CREATE+DELETE migration; race window = 22-90ms per 800 edges; P(race) ~ 3e-7 for one-time migration; compare-and-swap WHERE clause eliminates race with zero infrastructure cost; stale-classification window without fix = tau_edge sessions (~6 days)	conditional-epoch-recheck-delete-pattern
pending	Q096	BREAKTHROUGH	0.760	Two-pass CREATE-before-DELETE migration with idempotency guards; ~1-2s runtime for 800 edges on CasaOS (WAL-write bound); rollback available until Pass 3; session-end bounded-drift reclassification bounds FRESH chain to one-epoch staleness; fresh-only BFS eliminates edge predicate entirely achieving Q091 15x speedup physics ceiling	co-retrieved-type-migration-idempotent-two-phase,background-reclassification-session-end-bounded-drift,fresh-only-bfs-zero-edge-predicate-overhead
pending	Q093	BREAKTHROUGH	0.759	mode=post_restore branch: backup_timestamp->Qdrant DatetimeRange filter, pg_max_epoch->Neo4j DETACH DELETE batch loop; fully idempotent; partial failure returns status:partial_failure + retry instruction; dry-run count gate detects >10% divergence as secondary inconsistency signal; ~120 lines Python in ops.py	reconcile-post-restore-mode-unified-endpoint,retry-to-completion-atomicity-for-non-transactional-cleanup,dry-run-count-before-commit-as-restore-verification-gate
pending	Q098	BREAKTHROUGH	0.759	S5 CRITICAL auto-degrades to vector_only Redis flag (2h TTL) stopping orphan injection immediately; pre-cleanup Qdrant snapshot converts irreversible delete to recoverable-in-30s; Discord payload dynamically adapts go/no-go options based on S4 co-alert direction; post-cleanup verification via S5 re-probe + count divergence check	s5-critical-auto-graceful-degradation,pre-cleanup-qdrant-snapshot-as-rollback-checkpoint,discord-decision-payload-with-s4-direction-pivot,automated-rollback-detectability-via-qdrant-neo4j-divergence
pending	Q095	BREAKTHROUGH	0.760	Q088 3s estimate conservative by ~2x; roofline: prefill 262ms + decode 378ms = 640ms floor; warm P50=1.36s; safe drain 1.8s idle/3.6s active (not 4s/8s); concurrent 2-req latency only 4% higher (KV 1.1% of bandwidth in GQA); calibrate_inference_latency() at startup eliminates hardcoded estimates	inference-time-aware-drain-rate-recalibration,kv-cache-negligibility-enables-aggressive-parallelism
pending	Q100	BREAKTHROUGH	0.760	Qdrant uses deferred full rebuild (not incremental); R@10 drops below 0.90 at 15% deletion (before 20% default optimizer trigger); at 28% deletion R@10=0.73 (2-3 wrong memories per LLPC call); optimize_collection mandatory before re-enabling writes; ANN canary test with known-UUID seeds verifies restoration; Steps 5+7 absent from all prior runbooks	qdrant-optimizer-threshold-tuning,post-delete-optimize-chaining,ann-recall-canary-test
pending	Q097	BREAKTHROUGH	0.760	Diminishing returns at K=38 (99.2% coverage, 2030 tokens); f_LLPC=0.30 at K=100 exceeds 10K budget (11585 tokens); 5x L_avg growth increases tiered injection only 1.7x vs untiered 4.5x; N_full=3 optimal by R/T criterion; p95 at K=50=3576 tokens well within budget	diminishing-returns-K-ceiling-at-38,f-LLPC-budget-monitor-as-first-class-signal,l-avg-invariant-headline-tier-as-memory-growth-buffer
pending	Q094	BREAKTHROUGH	0.760	Hub nodes emerge at Month 9; P(CB opens per session) = 1.9% at Month 12, 5.1% at Month 24; expected missed memories when CB open = 0.21/session; page-cache warming reduces K=20 fallback to 1.1ms; predictive trigger at max_fanout>158 prevents CB activation entirely; S6 health signal	hub-node-emergence-epoch-trigger,cb-open-probability-as-graph-health-signal,tiered-k-session-warmup-decay
HEAD	Q103	BREAKTHROUGH	0.760	typed-post-delete-optimize-gate: BulkOptimizeResult async fn with per-step timeouts; canary-seed-stable-uuid-registry in Redis; three-status /health/recall-quality endpoint	bulk-delete-and-optimize-implementation
HEAD	Q104	BREAKTHROUGH	0.760	drift-fraction-as-primary-health-metric: S7 stale_classified_as_fresh/total_fresh fires at 0.15 (~session 5); node-epoch-filter-as-natural-backstop provides Phase 2 self-healing	fresh-chain-reclassification-failure-mode
HEAD	Q102	BREAKTHROUGH	0.760	live-fanout-scan-as-deployment-clock: max_fanout as deployment clock; Q094 Month 9 hub emergence CONFIRMED (analytical Month 8.26, 8.2% error); S6 WARNING at max_fanout=100 provides 1.9-month lead time	hub-degree-distribution-analytical-model
HEAD	Q105	BREAKTHROUGH	0.760	unified-post-restore-runbook-as-executable-spec: 10-step operator runbook synthesizing Q077/Q081/Q086/Q093/Q098/Q100; 8-12 min recovery time; 3 mandatory go/no-go gates	unified-post-restore-runbook
HEAD	Q106	BREAKTHROUGH	0.760	retrieve-path-epoch-sanity-guard: inline PG epoch check closes TOCTOU race; S4=CRITICAL+S5=HEALTHY fingerprints Redis restart with data loss; epoch-zero-bootstrap-trap-detection zero-false-positive guard	redis-epoch-reset-ghost-resurrection
HEAD	Q101	BREAKTHROUGH	0.760	s5-tombstone-exclusion-cypher-fix: AND n.is_tombstoned IS NULL eliminates 19900x FP rate (code defect in Q092); S5 CRITICAL false-positive rate 2.94e-13/probe; WARNING 82% false alarm rate in 30 days without fix	s5-false-positive-calibration
HEAD	Q109	BREAKTHROUGH	0.761	relationship-type-as-tenant-partition: four-type Neo4j schema TIM/SADIE×FRESH/STALE; separate-qdrant-collections-as-hnsw-isolation: payload filter insufficient at HNSW construction time; independent-epoch-clocks-per-tenant	multi-tenant-recall-sadie-architecture
HEAD	Q108	BREAKTHROUGH	0.761	postgres-co-retrievals-neo4j-replacement: PG CTE viable through 50k edges; pg-partial-index-as-structural-prefilter replicates Q091 type-chain; upsert-replaces-create-delete-type-migration eliminates Q096+Q099 races; pg-hub-limit-replaces-circuit-breaker	pgvector-neo4j-replacement-cte-architecture
HEAD	Q107	BREAKTHROUGH	0.761	P50=4.99ms (3.30ms cached); Neo4j BFS dominant at 2.20ms (1700x physics floor); eager-session-context-embedding-cache saves 34%; pgvector-self-join-eliminates-neo4j-jvm-overhead 3.7x speedup; retrieval-pipeline-roofline-as-slo-instrument	full-llpc-pipeline-roofline
HEAD	Q110	BREAKTHROUGH	0.762	jaccard-gate-schema-migration: Jaccard overlap of top-10 BFS as migration acceptance gate (threshold 0.80); pg-degree-scan-s6-replacement: S6 health signal via PostgreSQL GROUP BY on co_retrievals; partial-index-orphan-detection: set difference orphan detection during migration	neo4j-postgresql-migration-execution-plan
HEAD	Q111	BREAKTHROUGH	0.762	epoch-guard-non-fatal-wrapper-pattern: guards must never guard-fail; tolerance-calibration-by-topology: EPOCH_RESET_TOLERANCE=5 for single-instance (not 50); aof-health-check-at-lifespan-not-probe: startup check not health probe; greenfield-epoch-requires-migration-gate: DDL before code deploy	epoch-guard-aof-deployment-checklist
HEAD	Q112	BREAKTHROUGH	0.762	qdrant-alias-atomic-rename: Qdrant alias switch is instantaneous atomic metadata op; migration-before-code-deployment-ordering: DDL first code second; redis-rename-config-last-ordering: 3-phase RENAME preventing silent epoch reset; concurrently-index-operations-for-live-migrations: zero-downtime index swap	online-tenant-id-migration-procedure
HEAD	Q113	BREAKTHROUGH	0.762	tombstone-guard-completeness-checklist: Q101 fix was incomplete (missed seed selection clause); two-tier-tombstone-semantics: retrieval/monitoring=exclude; cleanup/reconcile=include; seed-contamination-cascade-amplifier: tombstoned seed cascades through all K neighbors; reconcile-as-tombstone-safety-net	tombstone-leak-audit-all-cypher-paths
HEAD	Q114	BREAKTHROUGH	0.762	signal-orthogonality-documentation-in-health-api: measures + does_not_measure fields per signal; s5-s7-co-alert-retrieval-quality-degraded-data-intact: new co-alert rule; composite-retrieval-health-scalar: compliance_ratio Ã— (1-drift_fraction); tau-tau-edge-safety-gap-design-principle; s7-threshold-tightening-to-early-warning	s7-s5-silent-co-failure-interaction
HEAD	Q115	BREAKTHROUGH	0.762	three-store-stack-collapse: Neo4j eliminated 5â†’3 stores (PG+Qdrant+Redis), 4.7-6.5GB RAM freed; s5-structural-elimination: epoch compliance becomes query planner constraint not monitored signal; circuit-breaker-free-hub-protection: CTE LIMIT 50 replaces Markov state machine; neo4j-jvm-ram-dividend: PG shared_buffers to 1GB	three-store-architecture-collapse
HEAD	Q116	BREAKTHROUGH	0.762	content-hash-embedding-cache-determinism: qwen3-embedding:0.6b deterministic, SHA-256(query) is correct key not TTL; model-version-prefix-auto-invalidation: model upgrade auto-rotates cache keys; embedding-cache-warmup-on-session-start: 5-10 predicted queries prewarmed at session init; binary-embedding-redis-storage: struct.pack 6.1KB vs JSON 16.7KB	embedding-cache-staleness-boundary
HEAD	Q117	BREAKTHROUGH	0.762	s4-s5-co-alert-subtype-discriminant: S4=CRITICAL+S5=HEALTHY = Redis epoch loss ONLY (FM1/FM5/FM8); neo4j-data-loss-signal-gap-detector: new matrix row for Neo4j wipe via Q084 gap (S4 HEALTHY+S5 CRITICAL+neo4j_count<100); s4-direction-guard-correctness-fix: signal_definition field in /health/detail S4 response	s4-s5-co-alert-diagnostic-matrix-calibration
HEAD	Q118	BREAKTHROUGH	0.762	canary-payload-flag-deletion-exclusion: is_canary:true payload flag + deletion exclusion in all prune paths; canary-ef-search-split: ef_search=64 retrieval / ef_search=200 canary probes; canary-corpus-size-scaling-trigger: N=5,000 scaling threshold, cap 10-50 canaries; canary-redis-persistence-guarantee: PostgreSQL canary_seeds table as authoritative source	canary-seed-survivability-analysis
HEAD	Q119	BREAKTHROUGH	0.762	three-store-runbook-with-pg-as-authority: PG is authoritative, Qdrant is rebuildable cache; qdrant-re-embed-from-pg-recovery: iterate PG rows, Ollama batch embed, bulk upsert ~72s recovery	three-store-operational-runbook
HEAD	Q120	BREAKTHROUGH	0.762	epoch-write-guard-pre-embedding-placement: O(1) Redis GET before 20-150ms Ollama; guard-fatal-on-write-nonfatal-on-read: asymmetric write/read guard severity; batch-ceiling-cached-epoch-pattern: fetch epoch once before item loop; force-epoch-flag-requires-auth-coupling: bypass requires stronger auth	fm3-epoch-write-ceiling-guard
HEAD	Q121	BREAKTHROUGH	0.762	layered-deduplication-by-threshold-confidence: 0.99/0.95-0.99/compaction three tiers; co-retrieval-edge-re-attribution-on-merge: reroute loser edges to winner (not count-fold); query-time-virtual-merge-for-deduplication: ephemeral top-K collapse without store modification	memory-deduplication-adversarial-analysis
HEAD	Q122	NEGATIVE	0.762	epoch-deployment-precondition-audit: three conditions must be true simultaneously before epoch activation; wall-clock-epoch-magnitude-reference: int(time.time())â‰ˆ1.74B vs epochâ‰ˆ850, ratio 2M:1, total corpus wipe	fm3-epoch-write-risk-audit
HEAD	Q123	BREAKTHROUGH	0.762	volatile-lru-as-key-protection-mechanism: no-TTL keys immune to eviction structurally; maxmemory-as-oom-kill-prevention: 100mb limit prevents kernel OOM-kill on 256MB container; redis-keyspace-four-tier-criticality-model: permanent/session/cache/transient classification	redis-maxmemory-eviction-configuration
HEAD	Q124	BREAKTHROUGH	0.762	sql-tombstone-guard-as-view: live_memories VIEW makes guard structural; tombstone-guard-ast-grep-linter: CI lint detects SQL referencing memories without is_deleted guard	tombstone-regression-test-suite
HEAD	Q125	BREAKTHROUGH	0.762	s5-redefine-qdrant-pg-orphan-fraction: S5 becomes Qdrant-PG orphan fraction (HEALTHY<1% WARNING<5% CRITICAL>5%); s4-s5new-direction-discriminant-preserved: cleaner PG/Redis failure discriminant; pg-authoritative-reconciliation-endpoint: auto-triggered on S5-only CRITICAL	revised-five-signal-health-spec
HEAD	Q126	BREAKTHROUGH	0.762	co-retrievals-fire-and-forget-async: asyncio.ensure_future removes 5-12ms from hot path; synchronous-commit-off-for-co-retrievals: eliminates WAL fsync for reinforcement signal writes; 500ms SLA has 24-52x headroom	write-path-latency-roofline
HEAD	Q128	BREAKTHROUGH	0.762	wave14-deployment-total-time-estimate: 3h45m total, single critical STOP gate at Step 22 BFS Jaccard; ddl-code-rename-atomic-deployment-sequence: DDLâ†’dual-writeâ†’atomic-code-deployâ†’RENAME four-phase ordering	unified-saturday-deployment-checklist
HEAD	Q129	BREAKTHROUGH	0.762	outbox-for-co-retrievals-steady-state: co_retrievals_outbox in same transaction, 5s flush background task; wal-q112-boundary-clarification: WAL scope is steady-state PG failures NOT migration window	wal-patterns-for-co-retrievals-durability
HEAD	Q127	BREAKTHROUGH	0.763	sentinel-token-gap-restoration: 7/10 seeds HIGH RISK at 22349-vector corpus, SYSREC-PROBE-v1 tokens restore gap to 0.10-0.18; composite-score-inversion-risk: CANARY_004/005 negative composite gaps (-0.0006/-0.0075) make rank-1 check insufficient; corpus-size-displacement-validation: empirically confirms Q118 model at 62x scale	canary-similarity-gap-calibration
HEAD	Q130	BREAKTHROUGH	0.765	outbox-restart-survives-pg-wal: PG-hosted outbox inherits WAL durability survives FastAPI restart; fixed-poll-over-exponential-backoff-at-low-rate: fixed 5s poll superior to exponential at 15 events/day; null-epoch-graceful-upsert: COALESCE epoch=NULL preserves edge without corrupting last_reinforced_epoch	co-retrievals-outbox-implementation-spec
HEAD	Q131	INCREMENTAL	0.765	markov-graph-redis-memory-audit: 1365 no-TTL keys unmodeled in Q123 require health ceiling; write-guard-size-tracking: 165KB write_guard key grows with corpus needs MEMORY USAGE tracking; live Redis 2.76MB vs Q123 10-12MB prediction; maxmemory=0 not applied	redis-memory-footprint-22k-scale
HEAD	Q133	INCREMENTAL	0.765	qdrant-snapshot-for-collection-copy: snapshot API reduces Phase 5 copy 7-15min to 2-5min restoring buffer; concurrent-reembed-recovery-script: asyncio.Semaphore(10) cuts 74.5min recovery to 7.5min (62x Q119 underestimate); Saturday deployment 3h55min fits 4h window	saturday-deployment-recalibrated-22k
HEAD	Q134	BREAKTHROUGH	0.765	dual-path-health-architecture: infrastructure_check (raw ANN) + retrieval_quality_check (composite oracle) as orthogonal sub-signals; oracle-memory-probe-design: high-importance oracle memories complement importance=0 canary seeds; importance-score-path-annotation-in-health-response: scoring_path annotation surfaces Thread B gap immediately	canary-importance-score-adversarial
HEAD	Q136	INCREMENTAL	0.765	co-retrievals-outbox-migration-over-create-tables: _MIGRATE_CO_RETRIEVALS_OUTBOX not _CREATE_TABLES is correct pattern for live DB; outbox-health-dedicated-endpoint-over-inline-query: NameError bug in Q130 S8 spec requires dedicated endpoint; asyncio-create-task-over-ensure-future: deprecated ensure_future corrected	co-retrievals-outbox-integration-verification
HEAD	Q138	BREAKTHROUGH	0.765	endpoint-nonexistence-vs-false-positive: /health/recall-quality does not exist at all (missing not broken); retrieval-quality-proxy-gap: injection frequency proxy blind to HNSW degradation; uninitialized-vs-degraded-status-distinction: 0/0 false-positive guard requires UNINITIALIZED status	health-check-false-positive-missing-seeds
HEAD	Q139	INCREMENTAL	0.765	ef-search-auto-scaling: corpus-size milestone trigger adds closed-form P_miss check at 10K/25K/50K/100K; ef-search-vs-latency-pareto-dashboard: /diagnostics/hnsw-pareto analytical tradeoff curve; R@1 at 22K ef=64: 0.946-0.967 at design margin; ef=128 future-proofs to N~80K	ef-search-adequacy-22k-vectors
HEAD	Q132	BREAKTHROUGH	0.767	s5-spec-correction-neo4j-denominator: PG has no memories table; S5_new must compare Qdrant vs Neo4j not Qdrant vs PG; qdrant-first-deletion-ordering-as-safety-property: accidental safety property (Neo4j orphans safer than Qdrant orphans); pg-is-not-a-memory-store-correction: invalidates Q084/Q086/Q115/Q125 PG memories references; s5-health-endpoint-gap: 4-line addition to health endpoint	s5-orphan-fraction-baseline-qdrant-neo4j-correction
HEAD	Q135	BREAKTHROUGH	0.767	scroll-page-size-tuning-3x-speedup: limit=3000 reduces 23 pages to 8 pages (64ms->14ms); parallel-pg-scan-with-qdrant-scroll: asyncio.gather eliminates sequential dependency (20-25ms); precise-scan-as-primary-not-approximation: fast approximation has systematic false-negative for crossed-wire failures; N_max at 500ms: 194K (current) or 4.6M (optimal)	s5-orphan-scan-physics-ceiling-22k
HEAD	Q137	BREAKTHROUGH	0.767	k-parameterized-pair-capture-replaces-static-cap: K=10 gives 45 pairs (cap never triggered at K=10; 86% signal loss at K=38); hot-update-fillfactor-70-is-load-bearing-not-optional: HOT updates require fillfactor=70, not cosmetic DDL; k10-corpus-cardinality-ceiling-is-natural-cap: C(10,2)=45 max pairs per retrieve; fire-and-forget confirmed correct at 0.026 writes/s	k10-correction-co-retrievals-write-pressure
HEAD	Q140	BREAKTHROUGH	0.767	unified-write-durability-tier-model: 8 write types classified into 3 tiers; memory-store-outbox-for-w1-durability-inversion-fix: W2 outbox protects lower-tier than W1 (inversion); session-summary-as-highest-priority-gap: Tier A no outbox ~11 losses/year; q129-q056-coverage-completeness-assessment: only 2 of 8 write types adequately covered	write-durability-tier-model-unified
HEAD	Q141	BREAKTHROUGH	0.767	sha256-write-time-exact-dedup: Layer 0 before embedding saves 100-300ms per exact dup; simhash-syntactic-near-duplicate-write-guard: 64-bit fingerprint k=2-3 Hamming catches near-dups pre-embedding; minhash-compaction-pass-replacement: O(n) vs O(n^2) for compaction at 22K+	cas-near-duplicate-detection-architecture
HEAD	Q145	OPEN_GAP	0.767	health-orphan-fraction-field: /health has counts as integers internally but formats to strings â€” orphan fraction never computed; reconcile.py has the logic but not /health; 30-min fix adds structured store_sync field	s5-orphan-fraction-health-field-absence
HEAD	Q147	CONTENT_ADDRESSED	0.767	verify-content-hash-qdrant-payload-index: SHA-256 dedup already implemented (embeddings.py + memory.py find_by_content_hash); Qdrant payload index existence needs verification; content-hash-cross-machine-coverage-confirmed: Q141 Layer 0 already deployed	q036-idempotency-key-content-hash-calibration
HEAD	Q149	MIXED	0.767	reconciler-background-task-for-double-fault-orphans: single-fault has compensating delete; double-fault creates ghost Qdrant orphan; write-ahead-log-in-redis: Redis PENDING set before store; neo4j-first-qdrant-last-write-ordering: swap write order to downgrade double-fault to silent miss	post-memory-store-write-ordering-invariants
HEAD	Q153	UNDOCUMENTED	0.767	add-ordering-invariant-comment: Qdrant-first delete undocumented; gc.py uses opposite order with explanation â€” two orderings visible with only one explained; three-line comment fix under 5 minutes	qdrant-first-deletion-ordering-documentation-absence
HEAD	Q142	BREAKTHROUGH	0.768	SQLite local pending-summaries queue: 80-line JS spec, write-then-send pattern, no-retry-cap, session-id dedup	sqlite-queue-for-stop-hook-writes
HEAD	Q143	BREAKTHROUGH	0.768	co_retrievals table ABSENT from deployed PG â€” 6+ months of reinforcement signal silently discarded	co-retrievals-single-migration-deploy-path
HEAD	Q146	BREAKTHROUGH	0.768	SimHash k=8 optimal for Recall corpus; catches cosine>=0.949 vs k=3's 0.994; FPR negligible at 22K scale	simhash-k8-write-guard
HEAD	Q148	BREAKTHROUGH	0.768	Oracle memory spec complete: oracle-registry-in-redis, asyncio.gather parallel queries, displacement alert field	oracle-registry-in-redis
HEAD	Q152	BREAKTHROUGH	0.768	SimHash break-even D_near>=0.5%; Redis fingerprint store 6.7MB overhead, ~1ms lookup, net-positive above threshold	redis-simhash-fingerprint-store
HEAD	Q144	BREAKTHROUGH	0.768	ef-per-query-override: per-request hnsw_ef in SearchParams enables A/B ef=64 vs ef=128; SSH tunnel for PATCH /collections/recall_memories	ef-per-query-override
HEAD	Q150	BREAKTHROUGH	0.768	ARQ cron already fires weekly; gap is Redis probe cache write in worker + s5 field in /health â€” 60 lines 4 files	reconcile-probe-redis-cache
HEAD	Q151	PROMISING	0.768	session_archive unbounded (no retention policy); audit_log 400K rows is real risk; no ghost memory refs (aggregate counters only)	audit-log-retention-policy
HEAD	Q154	BREAKTHROUGH	0.768	Qdrant payload field: zero new tables, mirrors content_hash pattern, integer index for Hamming bands, ~30s backfill at 500/batch	simhash-qdrant-payload-storage
HEAD	Q157	BREAKTHROUGH	0.768	Double-fault orphans PROMOTED not deleted: reconcile.py creates Neo4j node for qdrant_orphans; 7-day ANN injection window; permanent post-reconcile	write-pending-registry-for-double-fault
HEAD	Q164	BREAKTHROUGH	0.768	Deployment order: Q144(atomic,30s) -> Q150(atomic,5min) -> Q156(staged,5min) -> Q148(staged,2-step); no hard inter-change deps; total ~1h window	combined-restart-for-Q150-Q156
HEAD	Q155	BREAKTHROUGH	0.768	Complete SimHash write-path spec: simhash() fn, 9 Qdrant payload fields (full+8 bands), find_by_simhash_bands(), memory.py short-circuit; no new deps	simhash-9-field-band-storage-in-qdrant
HEAD	Q156	BREAKTHROUGH	0.768	co_retrievals deployment = 2 Python lines: add _MIGRATE_CO_RETRIEVALS_OUTBOX constant + connect() call; fillfactor=70 is Step 4 post-creation; outbox tables before flush worker	co-retrievals-migration-is-two-lines
HEAD	Q158	BREAKTHROUGH	0.768	Oracle seed runbook: 5 curl commands â†’ capture UUIDs â†’ docker exec recall-redis redis-cli SET recall:oracle:registry; no admin API for arbitrary Redis writes	oracle-seed-no-admin-redis-api
HEAD	Q159	PROMISING	0.768	ef=128 P95 Qdrant latency ~10ms vs 100ms budget (90% headroom); dominant oracle check cost is Ollama embedding (80-150ms), not HNSW depth	embed-query-cache-for-health-check
HEAD	Q160	SCRIPT_READY	0.768	D_near(k=8) theoretical: 0.3-0.8% straddles 0.49% Redis break-even; calibration script production-ready; must run on CasaOS before implementing SimHash	simhash-empirical-before-ship
HEAD	Q161	PROMISING	0.768	BRIN index for monotonic audit_log timestamp (1/1000th BTREE size); scheduled DELETE retention 90 days; feedback_summary pre-aggregation before DELETE	arq-audit-log-retention-worker
HEAD	Q162	BREAKTHROUGH	0.768	TRUE ABSENCE confirmed: zero DELETE/TRUNCATE touching audit_log anywhere in codebase; dual-role tension (ops audit + ML training) explains gap	audit-log-retention-gc-extension
HEAD	Q165	BREAKTHROUGH	0.768	Oracle health check SLA breaks at P99 under GPU contention: 5Ã—600ms embedding=3000ms before ANN starts; fix: pre-store oracle query vectors in Redis, bypass Ollama	oracle-query-vector-seed
HEAD	Q163	SPECULATIVE	0.768	co_retrievals table alone produces ZERO dashboard change: write path and read path decoupled; N=22K sparsity means ordering improvement requires ~178K edges (2.4 years at mid scenario); bootstrap K-means cluster init is the 2032 solution	two-stage-deployment-required
HEAD	Q166	CONFIRMED_ABSENCE	0.769	CO_RETRIEVED edge type absent from entire codebase (0 matches on CO_RETRIEVED, co_retrievals_outbox in all .py); health.py co_retrieval_gravity reads RELATED_TO not co_retrievals table; flush worker + health.py patch are paired requirement	co-retrieved-flush-worker
HEAD	Q169	CONFIRMED_ABSENCE	0.769	injection_log (100-300 rows/day) + metrics_snapshot (24/day) + 5 more tables all have zero retention; same structural gap as audit_log; unified 7-table retention worker eliminates entire PostgreSQL log tier in one commit	unified-log-retention-worker
HEAD	Q175	CONFIRMED_ABSENCE	0.769	simhash string has zero occurrences in entire Recall repo; qdrant.py store() writes 20 payload fields, none simhash-related; calibration script Q160 also never created; performance optimization not a latency bug	simhash-read-path-implementation
HEAD	Q171	BREAKTHROUGH	0.771	Oracle cold-start: AOF survives container restart not FLUSHALL; nil registry â†’ false UNHEALTHY without guard; auto-recovery from Qdrant oracle+health-check tag scroll eliminates manual redis-cli SET step	oracle-registry-qdrant-autorecovery
HEAD	Q172	PHYSICS_CONFIRMED	0.771	K-means physics floor 0.844s (92.54 GFLOP); Neo4j writes dominate (7-42 min vs 4-5s clustering); K<158 requires multi-batch per cluster; K=200 safe at 10K batch limit; 4-worker parallel write = 1.7 min	neo4j-parallel-cluster-writers
HEAD	Q177	CONFIRMED_SAFE	0.771	Premise invalidation: get_positive_feedback_counts() does not exist; actual function is health dashboard only (10-min Redis cache); MVCC guarantees DELETE+SELECT compatible; batched DELETE correct for autovacuum I/O budget	premise-invalidation-via-call-graph-tracing
78e4dec	Q167	BREAKTHROUGH	0.771	co_retrievals flush worker: health.py blind to CO_RETRIEVED edges (filter excludes type); SKIP LOCKED enables safe multi-worker scale-out; session per cycle not from ARQ ctx; 15-min cron cadence absorbs 12.5h ingest burst before backlog	co-retrieved-gravity-blind-until-health-filter-patched
78e4dec	Q168	BREAKTHROUGH	0.771	audit_log retention: feedback_summary pre-aggregation mandatory before DELETE (6+ unbounded feedback scans); BRIN replaces B-tree on timestamp; batched 10K-row CTE loop handles 220K first-run surplus in ~1s; 6:15am daily cron slot	audit-log-retention-feedback-summary-required
78e4dec	Q176	BREAKTHROUGH	0.771	SimHash L1 read path: 6-unit complete spec; Qdrant scroll OR filter across 8 band fields; hamming_distance via int.bit_count(); L1 inserts at memory.py:192 before Ollama embed(); backfill script ~5s for 22K points; no dedup for episodic/session_summary types	simhash-l1-read-path-complete-spec
ac131be	Q170	BREAKTHROUGH	0.772	Bootstrap K=200 K-means: 1.25M CO_RETRIEVED edges in ~2-3 min on N100; 7x active-pool density threshold; seed=0.1 (structural prior); 4-worker ThreadPoolExecutor; MERGE idempotent; must complete before ARQ worker activated	bootstrap-co-retrieved-seeds-7x-density-threshold
ac131be	Q173	CONVERGENCE_CONFIRMED	0.772	Wave 19 safe in single restart: Q167+Q168+Q170 collapse into Q164 window; BRIN creation 100ms ShareLock; Q170 last (after worker healthy); 65-75 min total for all 7 changes; unified git commit enables atomic rollback	wave19-deployment-safe-in-single-restart-65min
ac131be	Q174	PROMISING	0.772	Bootstrap Tier 2 hybrid edges (20-25ac131be	Q173	CONVERGENCE_CONFIRMED	0.772	Wave 19 safe in single restart: Q167+Q168+Q170 collapse into Q164 window; BRIN creation 100ms ShareLock; Q170 last; 65-75 min total for all 7 changes; unified git commit enables atomic rollback	wave19-deployment-safe-in-single-restart-65min
ac131be	Q174	PROMISING	0.772	Bootstrap Tier 2 hybrid edges highest-precision in graph; 870K cold-tier freeze at 0.1 without decay; corpus-avg gravity 0.18-0.28 vs no-bootstrap 0.003-0.008; payoff window 18-24 months	bootstrap-tier2-hybrid-edges-highest-precision
6a872f3	Q178	BREAKTHROUGH	0.772	CO_RETRIEVED exponential decay (strength * 0.95^weeks_since_reinforced) prevents permanent 870K cold-tier bootstrap noise accumulation; weekly ARQ job deletes edges <0.001 after 70 weeks non-reinforcement; 3 BREAKTHROUGH ideas unifying hot/warm/cold edge lifecycle; idempotent schema change (add last_reinforced_at DATETIME) + updates to Q167 flush + Q170 bootstrap workers	Q178 Wave 20 â€” CO_RETRIEVED decay mechanism
7a8e22945c65db49a71276ad0c3f8a3ce352fbfb	Q179	PROMISING	0.772	K-means clustering quality validation methodology for K=100/K=200/K=500 on 22,423 qwen3-embedding:0.6b vectors; Silhouette score + Davies-Bouldin index + cohesion/separation ratio metrics; K=200 remains deployment target for Neo4j batch-size constraint (6,229 pairs/cluster < 10K); 3 PROMISING ideas (methodology grounded in clustering theory); empirical measurement blocked by Qdrant connectivity at 192.168.50.19:8200	Q179 Wave 21 â€” K selection validation (infrastructure blocked)
4162264d3899d73d8d53e3cbf0d815b26851a565	Q182	BREAKTHROUGH	0.770	Feedback_summary staleness health signal (S6) using dual-threshold design: 24-hour grace period post-deployment + 48-hour staleness horizon; three-state status machine (OK | DEGRADED | UNHEALTHY) eliminates ambiguity in alert conditions; deployment-aware alerting + composite health enumeration + dual-threshold pattern generalizes to all time-sensitive health checks; 3 BREAKTHROUGH ideas grounded in production observability best practices	Q182 Wave 21 â€” Feedback summary health signal S6
564e2c3	Q183	BREAKTHROUGH	0.773	CO_RETRIEVED edge weight noise floor: Q178 deletion threshold 0.001 is 5x below practical noise floor 0.005 (1/K=200); sub-noise zone persists 32 weeks (week 58-90); raise threshold to 0.005; adaptive formula max(1/K, beta/sqrt(D)) makes threshold portable across model upgrades; 3 BREAKTHROUGH ideas grounded in JL theorem and K-means cluster noise floor theory	Q183-co-retrieved-edge-weight-noise-floor
564e2c3	Q184	BREAKTHROUGH	0.774	S1-S6 health signals all absent from Recall codebase (zero grep hits per signal); health dashboard measures operational plane only (feedback volume, pin ratio, importance, ML); co_retrieval_gravity live bug confirmed at health.py:123 (RELATED_TO filter not CO_RETRIEVED); S2 is 1-day quick win (no substrate); S3/S4/S5 require 1-2 week substrates each; 3 BREAKTHROUGH ideas	Q184-health-signal-coverage-audit-all-absent
564e2c3	Q185	PROMISING	0.774	Concurrent I/O saturation model: on SATA SSD 3% budget (no risk); on eMMC 32-50% budget (SLA at risk); 3 mitigations: 7-min cron offset (1-line), inter-batch sleep (1-line), ionice idle class (Docker compose); schedule stagger eliminates coincident flush+delete window entirely	Q185-concurrent-io-saturation-model
564e2c3	Q186	BREAKTHROUGH	0.774	CO_RETRIEVED feedback loop spectral radius=0.95 (globally stable, cannot diverge); risk is steady-state amplification w_ss=20*delta*k_per_week (10-20x organic baseline); 3 guards: per-pair-per-session dedup (session Bloom filter, eliminates session amplification), k-normalization (Jaccard analogue, correct steady-state), velocity gate S7 (5x mean threshold, early warning before reranker degrades); BREAKTHROUGH (0.865, 0.850, 0.798)	Q186-feedback-loop-stability-adversarial-retrieval
564e2c3	Q187	PROMISING	0.775	Cross-cluster CO_RETRIEVED edges: under uniform retrieval expected weight=1.99e-6 after 1000 sessions (2500x below noise floor); under concentrated retrieval form at same rate as intra-cluster; bootstrap asymmetry (intra start w=0.1=20x noise floor; cross start w=0) is Bayesian prior encoding cluster structure; no separate decay policy needed (gamma=0.95 and Q183 noise floor apply universally); 3 ideas: bootstrap as Bayesian prior, cross-cluster bridge signal 1.5x multiplier, unified physics confirmation	Q187-cross-cluster-edge-formation-lifecycle
564e2c3	Q188	PROMISING	0.775	Multi-tenant isolation for Recall 2.0: PostgreSQL RLS+explicit filter dual-guard (94.74% perf gain with explicit filter alongside RLS); Qdrant payload-based filter on single collection (official recommendation, avoids per-user collection instability); LMDB file-per-user for Hopfield weight matrix (cross-user weight contamination not fixable by namespace filtering -- requires architectural isolation); data isolation and weight matrix isolation are distinct problems	Q188-multi-tenant-isolation-recall2
564e2c3	Q189	BREAKTHROUGH	0.775	Absence confirmed: no production AI memory system achieves single-binary self-contained deployment with embedded inference; Memvid (closest) still requires Ollama; fastembed-rs already in Reminisce Cargo.toml; Recall 2.0 homelab tier = fastembed-rs + LMDB + SQLite + in-process HNSW; retrieval SLA drops from 500ms to <50ms; true-single-binary scores N=0.95 E=0.95 (quality=0.912 BREAKTHROUGH)	Q189-single-binary-absence-confirmed
564e2c3	Q190	BREAKTHROUGH	0.776	Single-binary constraint forced correct architecture: Qdrant->instant-distance HNSW, Neo4j->petgraph+LMDB, PostgreSQL->SQLite WAL, Redis->DashMap+AtomicU64, Ollama->fastembed-rs, ARQ->Tokio tasks; retrieval SLA drops 500ms->36ms; 3 BREAKTHROUGHs; critical realization: multi-service architecture was scaffolding not correct production design for solo-developer homelab use case	Q190-single-binary-taboo-derivation
564e2c3	Q191	PROMISING	0.776	Adversarial analysis: Thread A (file-per-user LMDB) vs Thread B (shared LMDB + user_id prefix) -- both architecturally correct when user_id in every edge; choice is operational (fd limits ~1000 concurrent files -> switch to Thread B at 50+ users); corrects Q188: namespace filtering IS sufficient when schema enforces user_id; type-level invariant (Rust non-optional user_id field) is the real solution	Q191-hopfield-isolation-adversarial
Q192	[PHYSICS]	Hopfield Network RAM Footprint and Concurrent User Capacity	PROMISING	0.80	0.95	0.99	3	per-user-footprint-145mb-full-stack-71mb-embedded; 64gb-homelab-supports-400-plus-concurrent-users; hnsw-per-user-vs-shared-nearly-identical-100-users
Q180	[PHYSICS]	SimHash Calibration: Optimal Hamming Threshold	PROMISING	0.65	0.80	0.95	3	simhash-threshold-6-optimal-for-tim-corpus; simhash-corpus-scale-fp-compound-effect; simhash-live-calibration-pending-action
Q181	[ABSENCE]	Qdrant Orphan Problem Under PG Restore	PROMISING	0.70	0.90	0.92	3	qdrant-orphan-silent-omission-confirmed-sql-in-clause; coordinated-backup-qdrant-pg-redis-atomic-procedure; single-binary-eliminates-backup-asymmetry-orphan-impossible
Q193	[TIMESHIFTED]	2032 Retrospective: Self-Hosted-First Commercial Strategy	PROMISING	0.65	0.72	0.91	3	pro-tier-at-launch-not-post-mvp-billing-infrastructure; cold-start-calibration-visibility-reduces-early-churn; self-hosted-first-trust-moat-developer-persona-correct
Q194	[ADJACENT]	SaaS Metered Billing: memory_limit Enforcement Without Hot-Path Blocking	PROMISING	0.65	0.85	0.93	3	dashmap-in-process-counter-memory-limit-enforcement; memory-limit-enforcement-eventually-consistent-overage-acceptable; redis-incr-memory-limit-for-multi-instance-saas-deployment
Q195	[ABSENCE]	Source Trust Weighting: Provenance-Based Retrieval Weight	BREAKTHROUGH	0.85	0.82	0.88	3	source-trust-provenance-multiplier-in-retrieval-scoring; hallucination-amplification-problem-no-production-system-solved; hook-type-provenance-automatic-classification-zero-user-burden
Q196	[ADJACENT]	Open-Core SaaS Tier Partition for Developer-Tool AI Memory	PROMISING	0.60	0.78	0.93	3	relay-as-primary-pro-conversion-driver-tailscale-model; free-tier-no-memory-limit-self-hosted-full-quality; open-core-tier-partition-principles-for-recall-20
Q197	[PHYSICS]	Write-Path Latency Floor on N100 CPU	PROMISING	0.65	0.87	0.96	3	fastembed-rs-dominates-write-path-99-percent; int8-quantization-halves-write-latency-at-single-lever; write-path-well-within-budget-optimization-focus-shifts-to-retrieval
Q198	[ADVERSARIAL]	Fixed vs Emergent Relation Taxonomy	PROMISING	0.65	0.78	0.95	3	hybrid-taxonomy-8-decay-types-plus-llm-labels; recall-20-developer-context-needs-implements-tests-documents-types; reminisce-23-types-collapse-to-8-decay-distinct-categories
Q199	[TIMESHIFTED]	Migration Strategy: Importance Scores as Behavioral Proxies	PROMISING	0.65	0.78	0.90	3	importance-proxy-bootstrap-correct-approach-start-fresh-is-worse; bootstrap-provenance-tagging-migration-bias-visibility; tiered-bootstrap-weights-skip-bottom-quartile
Q200	[CONVERGENCE]	Ranked Build Order for Recall 2.0	BREAKTHROUGH	0.65	0.87	0.88	3	recall-20-mvp-7-conditions-35-day-build; behavioral-scoring-is-the-differentiating-phase-phases-1-2-are-table-stakes; source-trust-provenance-is-phase-4-not-optional-in-mvp
Q201	[TABOO]	Physics-First Memory Retrieval Substrate	PROMISING	0.65	0.73	0.88	3	exact-correlation-matrix-substrate-is-physics-derivation-of-hnsw; production-retrieval-approximations-converge-on-same-substrate; hopfield-hnsw-dual-component-design-validated-from-first-principles
Q202	[ADJACENT]	Biological Memory Context Isolation Mechanisms	PROMISING	0.63	0.80	0.83	3	sparse-embeddings-as-biological-isolation-mechanism-future-option; session-as-hippocampal-context-co-retrieved-is-two-factor-retrieval; top-k-winner-take-all-is-interneuron-inhibition-computational-equivalent
Q203	[ADVERSARIAL]	Vector Space vs Causal Graph Retrieval Substrate	PROMISING	0.70	0.80	0.78	3	query-type-routing-semantic-queries-to-hnsw-causal-queries-to-graph; causal-graph-from-observable-structure-not-llm-inference; neo4j-underutilization-confounded-by-co-retrieved-absence-not-graph-substrate-failure
Q204	[ADJACENT]	Non-Von-Neumann Computing Architectures for Retrieval	PROMISING	0.70	0.75	0.73	3	holographic-reduced-representations-context-addressed-retrieval-v2-1; tcam-emulation-via-binary-embeddings-faster-than-hnsw-at-22k-scale; non-von-neumann-architecture-survey-confirms-hrr-as-only-commodity-viable
969ab1d	Q205	PROMISING	0.777	HNSW 11x faster than cold linear scan at N=22K (0.215ms vs 2.392ms); binary TCAM emulation 0.075ms (L3-resident); ef_search headroom: 0.2% of budget used enables ef=100-200 for better accuracy	Q205: Theoretical Minimum Retrieval Latency at 22K Corpus on N100
969ab1d	Q206	BREAKTHROUGH	0.777	8-system survey confirms complete absence: no production AI memory system implements implicit behavioral feedback loops; CO_RETRIEVED is genuinely novel mechanism; adjacent field proof (CF, IR, web search CTR); epsilon-greedy retrieval for exploration/exploitation balance	Q206: Auto-Improving Retrieval Quality via Implicit Behavioral Signals (ABSENCE)
969ab1d	Q207	PROMISING	0.776	Physical separation (separate DB handles) satisfies no-record-field constraint with perfect isolation; cryptographic rotation (shared HNSW, zero metadata, 3.1% cross-user contamination at D=1024) is novel; key-prefix isolation confirmed optimal for Recall 2.0's scope	Q207: Multi-User Isolation Without Per-Record Ownership Metadata (TABOO)
969ab1d	Q208	BREAKTHROUGH	0.776	recall_search/timeline MCP tools wired but unused -- highest-leverage addition (anchors physics in real corpus); web search for absence validation (post Aug-2025 cutoff); 3 program.md protocol additions that raise evidence quality across all future waves	Q208: Tooling Gaps That Limit Novel Discovery in the Frontier Loop (CONVERGENCE)
969ab1d	Q209	PROMISING	0.776	LMDB single-writer prevents corruption races; real failure is CO_RETRIEVED semantic inflation (5-agent swarm = 32x more events than interactive session); task_id normalization fix; agent_id metadata field for source attribution	Q209: Concurrent Write Conflict Resolution in Multi-Agent Memory (ADVERSARIAL)
969ab1d	Q210	PROMISING	0.776	G-Counter CRDT for CO_RETRIEVED multi-node (zero coordination cost); Lamport LWW for immutable content; MVP=LMDB serialization sufficient; v2.1 SaaS=G-Counter+Lamport; DynamoDB atomic ADD semantics directly applicable	Q210: Distributed DB Concurrent Write Models for Multi-Agent Memory (ADJACENT)
969ab1d	Q211	PROMISING	0.776	Write frequency (100x/task) makes 42ms embedding infeasible; physical solution: N<=200 RAM-resident keyword-indexed list (write 0.1ms, retrieval 0.021ms linear scan); deferred batch embedding at task end for promotion (top 10%, 820ms background); working/long-term stores physically incompatible -- write-speed vs retrieval-quality tension	Q211: Working Memory Store Design from Physical Requirements (TABOO)
969ab1d	Q212	BREAKTHROUGH	0.776	7-framework survey confirms complete absence: no production framework uses task completion as memory scope boundary; all use session/thread/agent scope; LlamaIndex token-flush is nearest mechanism but wrong trigger; all 5 Q211 physical properties simultaneously absent across all 7 frameworks; Recall 2.0 working memory tier would be first production implementation	Q212: Working Memory Pools in Production Agent Frameworks (ABSENCE)
969ab1d	Q213	BREAKTHROUGH	0.776	CLOCK reference bit replaces Q211 minimum_read_count with 1-bool per entry (production-proven in all major OS kernels); ARC T1/T2 maps to single-access (uncertain) vs multi-access (confirmed) promotion priority (ZFS L2ARC evidence); Denning tau=task_duration theoretically validates Q211 task scope as optimal; Stop-hook-triggered promotion algorithm: referenced=false->discard, T2-first embedding at task end	Q213: OS Virtual Memory Management as Working/Long-Term Memory Analog (ADJACENT)
969ab1d	Q214	BREAKTHROUGH	0.776	Token budget NOT binding: K=10 flat uses 1.6% of 126,500T injection budget; attention degradation (Liu et al. 2023 lost-in-the-middle) is the binding constraint (K=10 ceiling, K=20 cliff); compression provides no quality gain (attention degrades with K, not tokens/doc); recommendation: K=5 default, K=10 max, K=20 hard ceiling	Q214: Token Injection Budget Ceiling (PHYSICS)
969ab1d	Q215	BREAKTHROUGH	0.777	Cold Start attack is primary poisoning vector (no competing true memory -> false wins by default); write-time contradiction detection via cosine>0.82 AND SimHash>6 dual signal closes gap; CO_RETRIEVED behavioral scoring is passive time-growing defense (cos_false>1.48 required to beat established memory -- impossible)
969ab1d	Q216	BREAKTHROUGH	0.777	Zero production systems implement write-time adversarial instruction filtering (7-system audit); MINJA (Mar 2025) achieves >98% ISR via query-only semantic injection bypassing all moderation; proposed: 4-layer write-path defense stack (instruction heuristic + contradiction detection Q215 + SimHash dedup + SourceTrust); total +0.8-1.0ms within 186ms budget; MINJA semantic deception is unresolved known gap
969ab1d	Q217	BREAKTHROUGH	0.777	Isolation Forest (O(log n), 0.1-1ms) as write-time embedding anomaly detector: no production vector database implements this; three behavioral signals (burst rate, intra-burst cosine, query-alignment) add sub-ms complementary coverage; embedding indistinguishability (arXiv 2401.15883) sets theoretical limit requiring layered defense; complete 5-layer write-path stack validated at +1.8-7.5ms within 186ms budget
969ab1d	Q218	BREAKTHROUGH	0.777	2032 retrospective: task-scope memory = bounded blast radius security invariant; session-scope (all 7 frameworks) = security debt; CO_RETRIEVED temporal asymmetry (cos_false>1.48 required vs established memory) invisible in fresh benchmarks but key differentiator; write audit trail is non-negotiable enterprise requirement absent from all 2026 systems; MINJA semantic deception unresolved through 2030
969ab1d	Q219	BREAKTHROUGH	0.777	Zero production AI memory systems provide regulatory-grade retrieval audit trails (5 required fields confirmed absent); EU AI Act Article 12 full applicability August 2, 2026 creates 5-month implementation deadline; zero hallucination = source-groundedness not accuracy; retrieval-side event log (LMDB O(1) append per UserPromptSubmit) closes the gap alongside Q218 write audit trail
969ab1d	Q220	BREAKTHROUGH	0.777	CO_RETRIEVED behavioral score = outcome-conditional consolidation selector (Fountas arXiv Mar 2026); two-phase NREM/REM analog worker (dedup then abstract); idle event-driven trigger (30-min quiet window)
969ab1d	Q221	BREAKTHROUGH	0.777	Consolidation FN failure mode arrives first at Nâ‰ˆ7,700 (not retention FP); recency scoring permanently contains FP at ~5%; NREM dedup always safe, REM abstraction must be CO_RETRIEVED-gated
969ab1d	Q222	BREAKTHROUGH	0.777	Metric space covering set (minimum dominating set) reduces N to covering_number=TÃ—C~1000, independent of corpus size; derived from physical requirements without forbidden concepts; covering number scales O(topicsÃ—contexts) not O(N)
969ab1d	Q223	BREAKTHROUGH	0.777	15% concept drift in R^384 produces 0% FN rate (E[cos]=0.989, 17-point threshold buffer); real problem is polysemy (step-function FP at alpha>0.82); re-embedding 22K=22 seconds with fastembed-rs
969ab1d	Q224	BREAKTHROUGH	0.777	LangMem closest (background LLM merge, no human approval) but requires developer invocation per session; no system uses CO_RETRIEVED/outcome-conditional selection; MemoryOS heat-threshold is autonomous but frequency-based; gap confirmed 12-18 month durability
969ab1d	Q225	BREAKTHROUGH	0.777	Stripe 3-call minimum API (init/store/retrieve); hook-first model = zero integration cost; API antipattern = exposing internal architecture; competing systems require 5-10 setup steps
969ab1d	Q226	BREAKTHROUGH	0.777	Session WAL = diff without snapshot; session_diff dashboard shows what AI learned each session; memory attribution = git blame (session_id on every stored memory)
969ab1d	Q227	BREAKTHROUGH	0.777	2032: framework composability (constructor injection) + natural language API + Claude hook integration won; retrieval quality/scale not decisive; Recall 2.0 Phase 6 = Python SDK with framework adapters
969ab1d	Q228	BREAKTHROUGH	0.777	Memory diff absent from all production systems; Letta MemFS closest (git diff) but file-level only; Recall 2.0 session WAL + template summary = semantic diff at Stop hook
969ab1d	Q229	INCREMENTAL	0.777	Package manager provenance â†’ outputâ†’memoryâ†’session DAG; session_id per memory provides 80% value; full provenance DAG is Phase 6
969ab1d	Q230	BREAKTHROUGH	0.777	No HNSW quality cliff before N=10M (recall=0.970 at 1M, default config); RAM is binding constraint (614MB/1M vectors); 15s full rebuild at 1M
969ab1d	Q231	BREAKTHROUGH	0.777	Hybrid BM25+dense RRF +18.5% MRR for identifier queries; Tantivy pure Rust preserves single-binary; Phase 4.5 scope
969ab1d	Q232	BREAKTHROUGH	0.777	Character n-gram Jaccard is content-type agnostic physical retrieval; NCD grounds it in Kolmogorov complexity; heterogeneity dissolves since all memories are text; complement to semantic retrieval
969ab1d	Q233	BREAKTHROUGH	0.777	None of 3 failure modes arrive at 1M per user; latency=7.6ms, RAM=712MB, recall=0.985; binding constraint is multi-user RAM at 47x1M; vertical scaling sufficient; distributed premature
969ab1d	Q234	BREAKTHROUGH	0.776	Physical definition: I(M;R|C) mutual information; cosine is third-level approximation; PMI superset of cosine; Q231+Q232+Q234 converge on hybrid retrieval from different starting points
969ab1d	Q235	BREAKTHROUGH	0.776	Spreading activation on CO_RETRIEVED graph = push-based surfacing; 1-hop propagation from stored memories; leaky integrator; fills unknown-unknown gap; 176KB activation state
969ab1d	Q236	BREAKTHROUGH	0.776	Physical mechanism for outdated: contradiction not age; entity-predicate conflict index supersedes immediately; strictly better than time-based decay for valid-old and immediate-update failure modes
969ab1d	Q237	BREAKTHROUGH	0.776	Physical memory unit is assertion (entity-predicate-value triple); indistinguishable under retrieval; current sentence granularity ~2x coarser than optimum; aligns with Q236
969ab1d	Q238	BREAKTHROUGH	0.776	Physical optimum: KV-cache extension at activation level; text injection is API constraint not physical optimum; structured notation 3-10x more efficient; Q237+Q234+Q235+Q238 converge
969ab1d	Q239	BREAKTHROUGH	0.776	Physical state = bimodal output distribution; asymmetric activation suppression resolves; transparent bimodality when signals equal; aligns with Q236 entity-predicate index
969ab1d	Q240	BREAKTHROUGH	0.776	Physical permanence = replication depth exceeds destruction capacity; append-only log (WAL extension); IPFS CID addressing; cryptographic commitment; policy suffices for current threat model
969ab1d	Q241	BREAKTHROUGH	0.776	Full Rust wins: polyglot eliminated by single-binary constraint; AI narrows velocity gap to 1.3-1.5x; p95 12ms vs 150ms; axum+fastembed-rs+LMDB architecture confirmed
969ab1d	Q242	BREAKTHROUGH	0.776	Python FastAPI p95=101ms passes 500ms SLA with 5x headroom; Ollama network is 97% of variance; Python eliminated by distribution model not latency physics; Rust 7x faster but both pass SLA
969ab1d	Q243	BREAKTHROUGH	0.776	Regex entity extraction 95%+ precision for IP:PORT/version/keyval patterns; <0.1ms sync; hybrid Tier1+Tier2 async LLM; Q236 contradiction detection enabled without latency impact
969ab1d	Q244	BREAKTHROUGH	0.776	Flink watermark pattern: UserPromptSubmit triggers missed session compaction from WAL; idempotent replay; session_compacted LMDB marker; 60s grace period for late PostToolUse writes
969ab1d	Q245	BREAKTHROUGH	0.776	Adversarial fails: CO_RETRIEVED graph at 22K corpus avg_degree=34 SNR=37x baseline; cold-start suppression at 1220 memories (ER giant component); organic retrieval density sufficient
969ab1d	Q246	INCREMENTAL	0.776	Physical Tier 2: LoRA in-weights memory; four-tier physical architecture (KV-cache/retrieval/LoRA/world-state); storage is re-injection mechanism not primary physical mechanism
969ab1d	Q247	BREAKTHROUGH	0.776	Sequential Tantivy+HNSW p95=4ms; spawn_blocking parallel saves nothing vs overhead; RRF is 10 lines; embedding 10ms dominates; u64 doc_id shared between indices
969ab1d	Q248	BREAKTHROUGH	0.776	Structural O(1) contradiction detection absent all production systems; Graphiti closest (LLM-based, 50-100ms); Q239 bimodal detection has zero prior art anywhere
969ab1d	Q249	BREAKTHROUGH	0.776	Git three-way merge maps to WAL merge; LCA=sync_base; LWW resolves entity-predicate conflicts; UserPromptSubmit triple convergence point; no CRDT/Raft needed
969ab1d	Q250	BREAKTHROUGH	0.776	Four-path functional forgetting (weight=0, activation mask, entity-predicate shadow, null embedding); Q240 permanence + Q250 forgetting are orthogonal; text permanent, influence tunable
969ab1d	Q251	BREAKTHROUGH	0.776	Convergence p95=15.8ms; 31.7x SLA headroom; embedding dominates; four ops add 0.7ms overhead; WAL merge async post-ack; architecture is latency-free
969ab1d	Q252	BREAKTHROUGH	0.776	Adversarial partial: LWW skew risk real for Windows 7-day NTP; NTP enforcement (chrony) eliminates; machine_id tie-breaker covers simultaneous conflicts; HLC overkill
969ab1d	Q253	BREAKTHROUGH	0.776	Taboo: Q235 spreading activation IS query-free memory; push model (PostToolUse triggers CO_RETRIEVED activation propagation â†’ surface at SURFACE_THRESHOLD without embedding/ANN); push+pull complementarity covers full spectrum; first-time topics handled by pull; unknown unknowns handled by push
969ab1d	Q254	BREAKTHROUGH	0.776	LoRA physics: 46s per session (100 steps r=8, 650 tok/sec RTX 3090); 10.2GB VRAM (13.8GB headroom); catastrophic forgetting limits Tier 2 to 2-5 sessions without replay; Tier 2 = recent session working memory bridging Tier 0 and Tier 1; compute is not the bottleneck
969ab1d	Q255	BREAKTHROUGH	0.776	Absence confirmed: no production system implements multi-op pre-response convergence; Continue.dev closest (independent providers, not converging); no system has watermark check + remote sync + activation propagation + retrieval as dependent pipeline; Recall 2.0 design is structurally novel
e6b9925	Q261	PROMISING	0.776	BGE-small/qwen3-embedding code-to-NL cosine gap ~0.15-0.20 (modal 0.40-0.55 vs 0.65-0.75 for NL); BM25 bridges ~60% of code queries (identifier/path matching); +40-60% MRR for code-heavy queries from hybrid; threshold: >25% code corpus â†’ measurable degradation; 3 ideas extracted	Wave 34 â€” Q261: Embedding semantic gap for code content + BM25 hybrid bridge
e6b9925	Q262	BREAKTHROUGH	0.776	Blob storage cosine: 0.33-0.42 (below Qdrant 0.65 threshold); function-level chunk: 0.75-0.85; dilution formula derived: cos(blob,q)â‰ˆ(k/N)Ã—0.80+((N-k)/N)Ã—0.38; config files safe as blob; source code files must chunk at function level; BM25 rescues only 30-40% of blob-dilution failures	Wave 34 â€” Q262: Context dilution â€” blob vs. chunk vs. LLM-extracted
e6b9925	Q263	PROMISING	0.776	CO_RETRIEVED noise: spurious fraction ~30% at function-level (C=2-3 concepts); W_min=3 suppresses 65% spurious, retains 75% true â†’ effective noise 10-15%; threshold at C=5 (paragraph+) â†’ noise-dominated; provenance weight 0.5 extends cold-start 4x; per-source-type W_min calibration required	Wave 34 â€” Q263: CO_RETRIEVED graph quality chunks vs. atomic facts (adversarial)
e6b9925	Q264	PROMISING	0.776	Production code RAG consensus: AST/function-level chunking + BM25 hybrid; cAST +4.3 Recall@5 on RepoEval; +26-48% NDCG from hybrid; no benchmark shows LLM extraction outperforms direct function-level embedding; supermemoryai/code-chunk (tree-sitter) = production standard; minimum viable chunk 100-400 tokens	Wave 34 â€” Q264: Production code RAG extraction strategies (adjacent field)
e6b9925	Q265	PROMISING	0.776	Tier A (lightweight): file paths, function names, config keys, ports, IPs, versions â†’ C+ sufficient ~75% of Write/Edit; Tier B (LLM): semantic paraphrase bridging, concept normalization â€” only non-redundant for ~30% of queries; Bash output: ~50% C+ sufficient; LLM extraction non-redundant for opaque identifiers and unstructured Bash	Wave 34 â€” Q265: Minimum information structure for retrieval (taboo â€” no embedding terms)
e6b9925	Q266	BREAKTHROUGH	0.776	DECISION LOCKED: Option D hybrid â€” Write/Edit â†’ C+ (function-level structural chunking + anchor block); Bash â†’ schema registry then LLM; chunk size 50-400 tokens (80-200 target); 10 entity regex patterns; identifier_densityâ‰¥0.3 â†’ C+ only; net MRR 0.711 vs A=0.690 vs C+=0.666; this deliverable locks Phase 1 observe-edit hook contract	Wave 34 â€” Q266: Convergence â€” locked observe-edit extraction strategy (Option D hybrid)
4452832	Q261	PROMISING	0.776	BM25 bridges ~60% of code queries; semantic gap 0.15-0.20 below NL baseline; modal code-content cosine 0.40-0.55; dense+BM25 hybrid +40-60% MRR for code; residual 40% intent-queries unresolved	Wave34-observe-edit-Q261-semantic-gap
4452832	Q262	BREAKTHROUGH	0.776	Blob storage cosine ~0.35-0.42 vs function-level chunk ~0.78-0.85 (40-45pt gap); 0.65 threshold fails blobs for targeted queries; chunking mandatory; LLM extraction adds only 3-7pt above tight chunks; sweet spot 80-200 tokens	Wave34-observe-edit-Q262-dilution-physics
4452832	Q263	PROMISING	0.776	CO_RETRIEVED graph: function-level C=2-3 â†’ 30% noise â†’ tolerable; W_min=3 brings to 10-15% effective noise; Câ‰¥5 noise-dominated; path-2 amplification superlinear (30%â†’51%); ToolOutput provenance 0.5 extends cold-start 4x â†’ W_min calibration per source type	Wave34-observe-edit-Q263-coretrieved-noise
4452832	Q264	PROMISING	0.776	Production code RAG consensus: AST/function-level chunking (100-400 tokens) +4.3 Recall@5; BM25+dense hybrid +26-48% NDCG; no evidence for LLM pre-embedding; direct structural chunking is production standard; HEF hierarchical embedding = Phase 3 future	Wave34-observe-edit-Q264-code-rag-benchmarks
4452832	Q265	PROMISING	0.776	Minimum retrieval structure: keyword payload + entity set + provenance markers + tags + CO_RETRIEVED graph; LLM extraction non-redundant for ~25% of events (unstructured Bash, opaque identifiers, paraphrase-only queries); C+ sufficient for ~75%; tiered routing reduces LLM calls 65-75%	Wave34-observe-edit-Q265-taboo-info-structure
4452832	Q266	BREAKTHROUGH	0.776	DECISION LOCKED: Hybrid D â€” Write/Edit=C+ structural chunking (2ms), Bash=schema-registry+async-LLM (non-blocking); net MRR 94% of LLM-all; 50-400 token chunks; 9 file types; 8 entity regex patterns; 20+ structured Bash prefixes; 50 LLM/session budget; complete Phase 1 spec	Wave34-observe-edit-Q266-convergence-locked
